"scenario_id","title","stage","situation_family","channel","communication_mode","context","speaker_role","counterpart","power_relationship","relationship_status","stakes","response_style","payoff_category","difficulty","storyline_id"
"IN-001","Define what review requires","Inbox","clarification","Email","async","internal","project coordinator","peer","equal","neutral","routine","concise","clarification_precision","D1","SL-ATLAS-REPORT"
"IN-002","Confirm an agreed input date","Inbox","deadline confirmation","Email","async","external","account coordinator","client","client-facing","formal","routine","direct + clear","deadline_time_framing","D1","SL-PULSE-ACCOUNT"
"IN-003","Commit without artificial uncertainty","Inbox","commitment","Messenger","async","internal","analyst","manager","upward","familiar","routine","direct + clear","commitment_certainty","D1",""
"IN-004","Separate a delivery risk from a confirmed delay","Inbox","expectation management","Email","async","external","project manager","external partner","equal","formal","sensitive","neutral + factual","factual_neutrality","D2",""
"IN-005","Request a dependency with a usable deadline","Inbox","request","Email","async","internal","project manager","peer","equal","neutral","routine","diplomatic + collaborative","actionability_next_step","D2",""
"IN-006","Follow up with a decision point","Inbox","follow-up","Email","async","external","coordinator","external partner","equal","neutral","routine","concise","actionability_next_step","D2","SL-CEDAR-PARTNERSHIP"
"IN-007","Flag a small omission proportionately","Inbox","minor correction","Messenger","async","internal","team lead","junior / team member","downward","familiar","routine","concise","tone_relationship_recovery","D1",""
"IN-008","Hand off work with ownership intact","Inbox","handoff","Email","async","internal","project coordinator","peer","equal","neutral","routine","direct + clear","ownership_responsibility","D2",""
"IN-009","Choose between preliminary and finalized figures","Inbox","data clarification","Email","async","external","analyst","client","client-facing","formal","routine","neutral + factual","clarification_precision","D2","SL-NOVA-ROLLOUT"
"IN-010","Ask for an approval not general feedback","Inbox","approval request","Email","async","internal","product coordinator","manager","upward","neutral","routine","direct + clear","actionability_next_step","D2","SL-CEDAR-PARTNERSHIP"
"IN-011","Mark a message as FYI only","Inbox","information sharing","Messenger","async","internal","team lead","junior / team member","downward","familiar","routine","concise","concise_information_structure","D1",""
"IN-012","Offer concrete times across time zones","Inbox","scheduling","Email","async","external","partnership manager","external partner","equal","formal","routine","diplomatic + collaborative","deadline_time_framing","D1",""
"IN-013","Report progress in completed-next-blocked form","Inbox","status update","Messenger","async","internal","analyst","manager","upward","familiar","routine","neutral + factual","concise_information_structure","D2","SL-ATLAS-REPORT"
"IN-014","Record a meeting decision accurately","Inbox","confirmation","Email","async","internal","project manager","global colleague","equal","neutral","routine","neutral + factual","disagreement_alignment","D2",""
"IN-015","Request an extension with a replacement date","Inbox","deadline renegotiation","Email","async","internal","analyst","manager","upward","neutral","sensitive","empathetic + solution-oriented","deadline_time_framing","D2",""
"IN-016","Decline a meeting while preserving the objective","Inbox","scheduling","Email","async","internal","team lead","junior / team member","downward","familiar","routine","concise","concise_information_structure","D2",""
"IN-017","Delegate outcome deadline and decision boundary","Inbox","delegation","Messenger","async","internal","team lead","junior / team member","downward","familiar","routine","direct + clear","ownership_responsibility","D2",""
"IN-018","Clarify whether prepare means draft or send","Inbox","authority clarification","Messenger","async","internal","coordinator","manager","upward","familiar","routine","direct + clear","clarification_precision","D2",""
"IN-019","Point out a missing attachment neutrally","Inbox","minor correction","Email","async","external","coordinator","external partner","equal","neutral","routine","concise","clarification_precision","D1",""
"IN-020","Introduce a partner with the next action clear","Inbox","introduction","Email","async","external","partnership manager","external partner","equal","formal","routine","diplomatic + collaborative","ownership_responsibility","D2","SL-CEDAR-PARTNERSHIP"
"IN-021","Ask for one consolidated comment set","Inbox","process clarification","Email","async","external","project manager","client","client-facing","formal","sensitive","firm + bounded","scope_boundary","D3",""
"IN-022","Correct your own wrong date without over-apologizing","Inbox","self-correction","Email","async","internal","coordinator","global colleague","equal","familiar","routine","concise","concise_information_structure","D1",""
"IN-023","Clarify whether an idea is a request","Inbox","intent clarification","Messenger","async","internal","product manager","peer","equal","familiar","routine","neutral + factual","clarification_precision","D2",""
"IN-024","Resolve an ambiguous end of week","Inbox","deadline clarification","Email","async","external","coordinator","global colleague","equal","neutral","routine","neutral + factual","deadline_time_framing","D2","SL-NOVA-ROLLOUT"
"IN-025","Share provisional data with an explicit caveat","Inbox","information sharing","Email","async","internal","analyst","manager","upward","neutral","sensitive","neutral + factual","factual_neutrality","D3",""
"IN-026","Confirm receipt only when it changes the next step","Inbox","confirmation","Messenger","async","external","operations staff","vendor","equal","neutral","routine","direct + clear","actionability_next_step","D1","SL-DELTA-SUPPLY"
"IN-027","Say there is no update and name the next check","Inbox","status update","Email","async","external","account manager","client","client-facing","formal","sensitive","empathetic + solution-oriented","commitment_certainty","D1",""
"IN-028","Distinguish optional input from a blocking deadline","Inbox","reminder","Email","async","internal","team lead","junior / team member","downward","neutral","routine","diplomatic + collaborative","deadline_time_framing","D2",""
"IN-029","Route a request to the actual owner","Inbox","ownership routing","Email","async","internal","analyst","global colleague","equal","neutral","routine","diplomatic + collaborative","ownership_responsibility","D2",""
"IN-030","Announce a process change with an effective date","Inbox","process update","Email","async","internal","operations lead","junior / team member","downward","neutral","routine","direct + clear","actionability_next_step","D1",""
"IN-031","Ask targeted questions instead of any feedback","Inbox","feedback request","Email","async","internal","analyst","manager","upward","neutral","routine","concise","clarification_precision","D2",""
"IN-032","State a dependency before promising the next step","Inbox","dependency management","Messenger","async","internal","project coordinator","peer","equal","familiar","routine","neutral + factual","commitment_certainty","D2",""
"IN-033","Request the missing billing reference precisely","Inbox","information request","Email","async","external","operations staff","client","client-facing","formal","routine","concise","actionability_next_step","D1","SL-PULSE-ACCOUNT"
"IN-034","Turn ASAP into a target and trade-off","Inbox","priority clarification","Messenger","async","internal","specialist","manager","upward","familiar","routine","firm + bounded","negotiation_conditionality","D3",""
"IN-035","Identify the authoritative file version","Inbox","version control","Email","async","internal","coordinator","global colleague","equal","neutral","routine","neutral + factual","clarification_precision","D2",""
"IN-036","Cancel a recurring meeting without creating uncertainty","Inbox","scheduling","Messenger","async","internal","team lead","peer","equal","familiar","routine","concise","deadline_time_framing","D1",""
"IN-037","Invite objections by a real cutoff","Inbox","alignment check","Email","async","internal","project manager","peer","equal","neutral","routine","diplomatic + collaborative","disagreement_alignment","D2",""
"IN-038","Set focused pre-read expectations","Inbox","meeting preparation","Email","async","external","project manager","external partner","equal","formal","routine","diplomatic + collaborative","meeting_discourse","D2","SL-CEDAR-PARTNERSHIP"
"IN-039","Set an availability boundary with a response time","Inbox","availability management","Messenger","async","internal","specialist","junior / team member","downward","familiar","routine","firm + bounded","scope_boundary","D2",""
"IN-040","Close the loop with no action needed","Inbox","closure","Email","async","external","coordinator","vendor","equal","neutral","routine","empathetic + solution-oriented","actionability_next_step","D1",""
"SU-001","Ask for the exact completion date","Speak Up","clarification","Meeting","live","external","project manager","client","client-facing","neutral","routine","direct + clear","clarification_precision","D1","SL-NOVA-ROLLOUT"
"SU-002","State a non-negotiable testing constraint","Speak Up","feasibility challenge","Meeting","live","internal","release lead","manager","upward","neutral","sensitive","direct + clear","scope_boundary","D2","SL-NOVA-ROLLOUT"
"SU-003","Park a useful discussion to reach todays decision","Speak Up","meeting management","Meeting","live","internal","project manager","peer","equal","familiar","routine","diplomatic + collaborative","meeting_discourse","D2",""
"SU-004","Request a priority choice in real time","Speak Up","prioritization","Video call","live","internal","regional coordinator","manager","upward","neutral","routine","firm + bounded","actionability_next_step","D2",""
"SU-005","Correct a key number before it drives the decision","Speak Up","factual correction","Meeting","live","internal","analyst","manager","upward","neutral","sensitive","direct + clear","factual_neutrality","D2","SL-ATLAS-REPORT"
"SU-006","Agree only if a dependency is secured","Speak Up","conditional agreement","Video call","live","external","partnership manager","external partner","equal","neutral","routine","diplomatic + collaborative","negotiation_conditionality","D2","SL-CEDAR-PARTNERSHIP"
"SU-007","Assign an owner before the meeting ends","Speak Up","ownership","Meeting","live","internal","project manager","peer","equal","familiar","routine","direct + clear","ownership_responsibility","D2",""
"SU-008","Decline one meeting time and offer two workable options","Speak Up","scheduling","Phone","live","external","account coordinator","client","client-facing","neutral","routine","concise","deadline_time_framing","D1",""
"SU-009","Buy thinking time without sounding evasive","Speak Up","response management","Video call","live","internal","specialist","global colleague","equal","familiar","routine","concise","meeting_discourse","D1",""
"SU-010","Finish a point after being interrupted","Speak Up","interruption management","Meeting","live","internal","team lead","peer","equal","familiar","routine","direct + clear","meeting_discourse","D1",""
"SU-011","Ask what an acronym means without self-deprecation","Speak Up","terminology clarification","Meeting","live","internal","coordinator","global colleague","equal","neutral","routine","concise","clarification_precision","D1",""
"SU-012","Challenge an unsupported assumption","Speak Up","assumption testing","Video call","live","internal","analyst","manager","upward","neutral","sensitive","neutral + factual","factual_neutrality","D3","SL-ATLAS-REPORT"
"SU-013","Separate an observation from an interpretation","Speak Up","reporting","Meeting","live","internal","analyst","peer","equal","neutral","routine","neutral + factual","factual_neutrality","D2",""
"SU-014","Summarize a decision and test alignment","Speak Up","decision confirmation","Video call","live","internal","project manager","global colleague","equal","neutral","routine","neutral + factual","disagreement_alignment","D2",""
"SU-015","Disagree upward with a decision-relevant fact","Speak Up","disagreement","Meeting","live","internal","operations lead","manager","upward","neutral","sensitive","direct + clear","disagreement_alignment","D3",""
"SU-016","Support the direction while narrowing one condition","Speak Up","proposal refinement","Meeting","live","internal","team lead","junior / team member","downward","familiar","routine","diplomatic + collaborative","negotiation_conditionality","D2",""
"SU-017","Invite the relevant expert into the discussion","Speak Up","participation management","Video call","live","internal","project manager","junior / team member","downward","familiar","routine","diplomatic + collaborative","meeting_discourse","D2",""
"SU-018","Admit you do not know and commit to a follow-up","Speak Up","live follow-up","Phone","live","external","account manager","client","client-facing","neutral","routine","direct + clear","commitment_certainty","D1","SL-PULSE-ACCOUNT"
"SU-019","Defer a question to verified data","Speak Up","factual boundary","Phone","live","external","analyst","external partner","equal","neutral","routine","neutral + factual","factual_neutrality","D2",""
"SU-020","Renegotiate the agenda order efficiently","Speak Up","agenda management","Meeting","live","internal","team lead","peer","equal","familiar","routine","concise","meeting_discourse","D1",""
"SU-021","Stop a circular discussion by naming the decision","Speak Up","decision framing","Meeting","live","internal","product manager","peer","equal","strained","routine","firm + bounded","actionability_next_step","D2",""
"SU-022","Propose a pilot instead of false certainty","Speak Up","proposal","Video call","live","external","partnership manager","external partner","equal","neutral","routine","diplomatic + collaborative","negotiation_conditionality","D2",""
"SU-023","Compare options through an explicit trade-off","Speak Up","option comparison","Meeting","live","internal","analyst","manager","upward","neutral","sensitive","empathetic + solution-oriented","negotiation_conditionality","D3","SL-ATLAS-REPORT"
"SU-024","Paraphrase before answering","Speak Up","understanding check","Phone","live","external","coordinator","global colleague","equal","neutral","routine","concise","clarification_precision","D1",""
"SU-025","Clarify who we commits","Speak Up","ownership clarification","Video call","live","external","project manager","external partner","equal","neutral","routine","firm + bounded","ownership_responsibility","D2",""
"SU-026","Lead with the short answer","Speak Up","concise response","Meeting","live","internal","specialist","manager","upward","familiar","routine","concise","concise_information_structure","D1",""
"SU-027","Disagree without disguising the disagreement","Speak Up","disagreement","Video call","live","internal","team lead","global colleague","equal","neutral","sensitive","firm + bounded","disagreement_alignment","D3",""
"SU-028","Ask for the reasoning behind a preference","Speak Up","rationale clarification","Meeting","live","internal","product manager","peer","equal","familiar","routine","diplomatic + collaborative","clarification_precision","D2",""
"SU-029","Withhold a recommendation until the missing criterion is known","Speak Up","recommendation boundary","Phone","live","external","consultant","client","client-facing","formal","sensitive","empathetic + solution-oriented","clarification_precision","D2",""
"SU-030","Ask the decision owner to close the choice","Speak Up","decision closure","Meeting","live","internal","project coordinator","manager","upward","neutral","routine","diplomatic + collaborative","actionability_next_step","D2",""
"SU-031","Flag a conflict between two live instructions","Speak Up","conflicting priorities","Video call","live","internal","coordinator","manager","upward","neutral","sensitive","neutral + factual","negotiation_conditionality","D3",""
"SU-032","Check readiness instead of treating silence as approval","Speak Up","alignment check","Meeting","live","internal","team lead","peer","equal","neutral","routine","diplomatic + collaborative","disagreement_alignment","D2",""
"SU-033","Recap actions with owner and date","Speak Up","action confirmation","Video call","live","external","project manager","vendor","equal","neutral","routine","direct + clear","ownership_responsibility","D2","SL-DELTA-SUPPLY"
"SU-034","Ask a client to rank competing features","Speak Up","prioritization","Phone","live","external","account manager","client","client-facing","neutral","routine","empathetic + solution-oriented","negotiation_conditionality","D2",""
"SU-035","Suggest a short reset during a low-stakes impasse","Speak Up","meeting management","Meeting","live","internal","team lead","peer","equal","strained","routine","empathetic + solution-oriented","meeting_discourse","D2",""
"SU-036","Negotiate meeting length around a real constraint","Speak Up","time boundary","Phone","live","external","specialist","external partner","equal","neutral","routine","empathetic + solution-oriented","scope_boundary","D2",""
"SU-037","Define what good enough means","Speak Up","success-criteria clarification","Phone","live","internal","product manager","global colleague","equal","neutral","routine","firm + bounded","clarification_precision","D2",""
"SU-038","Structure a rapid answer into two parts","Speak Up","response structure","Phone","live","external","operations lead","client","client-facing","neutral","routine","concise","concise_information_structure","D1","SL-PULSE-ACCOUNT"
"SU-039","Redirect a specialist question to the right colleague","Speak Up","expertise routing","Meeting","live","external","account manager","client","client-facing","formal","routine","diplomatic + collaborative","ownership_responsibility","D2",""
"SU-040","Close with unresolved items visible","Speak Up","meeting closure","Meeting","live","internal","project manager","peer","equal","familiar","routine","neutral + factual","meeting_discourse","D2",""
"HI-001","Require a firm commitment after repeated vendor delays","Handle It","missed commitment","Phone","live","external","operations lead","vendor","equal","strained","high","direct + clear","commitment_certainty","D2","SL-DELTA-SUPPLY"
"HI-002","Reopen price or date when scope expands","Handle It","scope creep","Meeting","live","external","account manager","client","client-facing","neutral","high","firm + bounded","scope_boundary","D2",""
"HI-003","Investigate an unconfirmed root cause without assigning blame","Handle It","responsibility dispute","Video call","live","external","technical project manager","client","client-facing","strained","high","neutral + factual","factual_neutrality","D3",""
"HI-004","Own a confirmed missed dispatch and start recovery","Handle It","confirmed mistake","Phone","live","external","operations manager","client","client-facing","strained","high","concise","tone_relationship_recovery","D1",""
"HI-005","Notify a client of a material delay with choices","Handle It","delay","Email","async","external","project manager","client","client-facing","formal","high","empathetic + solution-oriented","negotiation_conditionality","D2",""
"HI-006","Reject an impossible deadline without leaving a false maybe","Handle It","unrealistic demand","Meeting","live","external","project lead","client","client-facing","strained","high","firm + bounded","scope_boundary","D2","SL-NOVA-ROLLOUT"
"HI-007","Stabilize an angry caller without promising an unverified fix time","Handle It","complaint","Phone","live","external","account manager","client","client-facing","strained","high","empathetic + solution-oriented","commitment_certainty","D2",""
"HI-008","Stop recurring work dumping with an ownership boundary","Handle It","boundary setting","Meeting","live","internal","analyst","peer","equal","strained","sensitive","firm + bounded","scope_boundary","D2",""
"HI-009","Resolve a cross-team responsibility dispute through the record","Handle It","responsibility dispute","Video call","live","internal","project manager","peer","equal","strained","high","neutral + factual","ownership_responsibility","D3",""
"HI-010","Retract a wrong pricing file clearly","Handle It","document error","Email","async","external","account manager","client","client-facing","formal","sensitive","concise","actionability_next_step","D1",""
"HI-011","Disclose a confirmed budget overrun with decision options","Handle It","budget issue","Meeting","live","internal","project lead","manager","upward","strained","high","empathetic + solution-oriented","negotiation_conditionality","D3",""
"HI-012","Reject defective goods and define the remedy","Handle It","vendor quality","Phone","live","external","operations lead","vendor","equal","strained","high","empathetic + solution-oriented","actionability_next_step","D2","SL-DELTA-SUPPLY"
"HI-013","Keep a rework discussion open while the cause is disputed","Handle It","rework dispute","Video call","live","external","project manager","client","client-facing","strained","high","diplomatic + collaborative","factual_neutrality","D3",""
"HI-014","Acknowledge your missed milestone and reset the plan","Handle It","missed commitment","Email","async","internal","project lead","manager","upward","neutral","sensitive","concise","ownership_responsibility","D1",""
"HI-015","Stop a launch when required tests have failed","Handle It","quality boundary","Meeting","live","internal","release lead","manager","upward","strained","high","direct + clear","scope_boundary","D2",""
"HI-016","Escalate a partners repeated no-shows with a working condition","Handle It","partner reliability","Phone","live","external","partnership manager","external partner","equal","strained","high","firm + bounded","scope_boundary","D2","SL-CEDAR-PARTNERSHIP"
"HI-017","Decline an urgent takeover while protecting the critical task","Handle It","workload boundary","Messenger","async","internal","specialist","peer","equal","strained","sensitive","concise","scope_boundary","D1",""
"HI-018","Correct false blame in front of a client without starting a fight","Handle It","public responsibility dispute","Meeting","live","internal","project lead","peer","equal","strained","high","firm + bounded","factual_neutrality","D3",""
"HI-019","Respond to a confirmed communication failure","Handle It","complaint","Video call","live","external","account manager","client","client-facing","strained","high","empathetic + solution-oriented","tone_relationship_recovery","D2","SL-PULSE-ACCOUNT"
"HI-020","Document a disputed scope boundary after the meeting","Handle It","scope dispute","Email","async","external","project manager","client","client-facing","formal","high","firm + bounded","scope_boundary","D2",""
"HI-021","Refuse to guarantee an unverified recovery time","Handle It","service failure","Phone","live","external","operations lead","client","client-facing","strained","high","neutral + factual","commitment_certainty","D3",""
"HI-022","Put a failing vendor on a measurable recovery plan","Handle It","vendor escalation","Meeting","live","external","operations manager","vendor","equal","strained","high","diplomatic + collaborative","actionability_next_step","D2",""
"HI-023","Give performance feedback on behavior and impact","Handle It","performance feedback","Video call","live","internal","team lead","junior / team member","downward","strained","sensitive","empathetic + solution-oriented","tone_relationship_recovery","D2",""
"HI-024","Receive justified criticism without a defensive explanation","Handle It","accountability","Meeting","live","internal","project manager","manager","upward","strained","sensitive","empathetic + solution-oriented","ownership_responsibility","D2",""
"HI-025","Respond to a cancellation threat without conceding blindly","Handle It","relationship risk","Phone","live","external","account manager","client","client-facing","strained","high","empathetic + solution-oriented","tone_relationship_recovery","D3","SL-PULSE-ACCOUNT"
"HI-026","Answer a price-increase objection with options","Handle It","commercial negotiation","Email","async","external","partnership manager","external partner","equal","strained","sensitive","diplomatic + collaborative","negotiation_conditionality","D2",""
"HI-027","Refuse a resource request that would break a client commitment","Handle It","resource conflict","Meeting","live","internal","team lead","manager","upward","strained","high","firm + bounded","scope_boundary","D2",""
"HI-028","Correct a confirmed billing error immediately","Handle It","billing mistake","Phone","live","external","operations staff","client","client-facing","strained","sensitive","concise","tone_relationship_recovery","D1",""
"HI-029","Give an outage update with known unknown and next update","Handle It","service failure","Video call","live","external","incident lead","client","client-facing","strained","high","neutral + factual","factual_neutrality","D2","SL-NOVA-ROLLOUT"
"HI-030","Escalate an internal production issue with facts and an ask","Handle It","escalation","Messenger","async","internal","operations lead","manager","upward","familiar","high","direct + clear","actionability_next_step","D1",""
"HI-031","Refuse publication based on incomplete data","Handle It","integrity boundary","Meeting","live","external","analyst","external partner","equal","strained","high","firm + bounded","factual_neutrality","D3","SL-ATLAS-REPORT"
"HI-032","Arrange immediate recovery while courier responsibility is unresolved","Handle It","delivery failure","Phone","live","external","operations manager","client","client-facing","strained","high","empathetic + solution-oriented","tone_relationship_recovery","D2",""
"HI-033","Decline a blame statement before the investigation","Handle It","responsibility pressure","Video call","live","external","project director","client","client-facing","strained","high","neutral + factual","factual_neutrality","D3",""
"HI-034","Escalate a refused replacement through the agreed remedy","Handle It","vendor dispute","Email","async","external","procurement lead","vendor","equal","strained","high","firm + bounded","actionability_next_step","D2",""
"HI-035","Set a boundary on recurring cross-functional extra work","Handle It","scope boundary","Meeting","live","internal","team lead","peer","equal","strained","sensitive","firm + bounded","scope_boundary","D2",""
"HI-036","Acknowledge a conduct complaint without validating an unverified claim","Handle It","conduct complaint","Phone","live","external","account manager","client","client-facing","strained","sensitive","empathetic + solution-oriented","tone_relationship_recovery","D2",""
"HI-037","Own the missed date without accepting an inaccurate cause","Handle It","delay accountability","Video call","live","external","project manager","client","client-facing","strained","high","firm + bounded","ownership_responsibility","D2",""
"HI-038","Respond to a late critical defect report","Handle It","vendor quality","Messenger","async","external","operations lead","vendor","equal","strained","high","direct + clear","actionability_next_step","D2","SL-DELTA-SUPPLY"
"HI-039","Move a heated blame debate to facts and containment","Handle It","conflict de-escalation","Meeting","live","internal","department lead","peer","equal","strained","high","neutral + factual","factual_neutrality","D3",""
"HI-040","Issue a final operational escalation with a consequence","Handle It","final escalation","Email","async","external","procurement manager","vendor","equal","strained","high","concise","commitment_certainty","D2","SL-DELTA-SUPPLY"
